,query_name,node_info,depth,is_bushy,x,y,x',y',z
0,join-order-benchmark/10a.sql,HASH_JOIN,4,False,3140339,39866016,3140339,112,104
1,join-order-benchmark/10a.sql,HASH_JOIN,5,False,39866014,2,112,2,112
2,join-order-benchmark/10a.sql,HASH_JOIN,6,False,39866013,1,151,1,112
3,join-order-benchmark/10a.sql,HASH_JOIN,7,False,36242603,3623410,36242603,4539,151
4,join-order-benchmark/10a.sql,HASH_JOIN,8,False,1012920,2610490,1012920,8790,4539
5,join-order-benchmark/10a.sql,HASH_JOIN,9,False,2609129,1361,2609129,1361,8790
6,join-order-benchmark/10b.sql,HASH_JOIN,4,False,16384,39244762,16384,0,0
7,join-order-benchmark/10b.sql,HASH_JOIN,5,False,39244760,2,0,2,0
8,join-order-benchmark/10b.sql,HASH_JOIN,6,False,39244759,1,2614,1,0
9,join-order-benchmark/10b.sql,HASH_JOIN,7,False,36242603,3002156,36242603,1259,2614
10,join-order-benchmark/10b.sql,HASH_JOIN,8,False,391666,2610490,391666,8790,1259
11,join-order-benchmark/10b.sql,HASH_JOIN,9,False,2609129,1361,2609129,1361,8790
12,join-order-benchmark/10c.sql,HASH_JOIN,4,False,3140339,40685620,3140339,782104,10
13,join-order-benchmark/10c.sql,HASH_JOIN,5,False,40685609,11,782104,11,782104
14,join-order-benchmark/10c.sql,HASH_JOIN,6,False,36242603,4443006,36242603,596250,782104
15,join-order-benchmark/10c.sql,HASH_JOIN,7,False,4443004,2,596250,2,596250
16,join-order-benchmark/10c.sql,HASH_JOIN,8,False,1749032,2693972,1749032,1153798,596250
17,join-order-benchmark/10c.sql,HASH_JOIN,9,False,2609129,84843,2609129,84843,1153798
18,join-order-benchmark/11a.sql,HASH_JOIN,4,False,1,1373323,1,330,310
19,join-order-benchmark/11a.sql,HASH_JOIN,5,False,234997,1138326,234997,705,330
20,join-order-benchmark/11a.sql,HASH_JOIN,6,False,99876,1038450,99876,152,705
21,join-order-benchmark/11a.sql,HASH_JOIN,7,False,910581,127869,910581,199,152
22,join-order-benchmark/11a.sql,HASH_JOIN,8,False,17,127852,17,251,199
23,join-order-benchmark/11a.sql,HASH_JOIN,9,False,29997,97855,29997,46,251
24,join-order-benchmark/11a.sql,HASH_JOIN,10,False,97854,1,97854,1,46
25,join-order-benchmark/11b.sql,HASH_JOIN,4,False,1,509325,1,56,14
26,join-order-benchmark/11b.sql,HASH_JOIN,5,False,97854,411471,97854,14,56
27,join-order-benchmark/11b.sql,HASH_JOIN,6,False,1,411470,1,14,14
28,join-order-benchmark/11b.sql,HASH_JOIN,7,False,234997,176473,234997,21,14
29,join-order-benchmark/11b.sql,HASH_JOIN,8,False,99876,76597,99876,7,21
30,join-order-benchmark/11b.sql,HASH_JOIN,9,False,76580,17,19,17,7
31,join-order-benchmark/11b.sql,HASH_JOIN,10,False,29997,46583,29997,46583,19
32,join-order-benchmark/11c.sql,HASH_JOIN,4,False,2884167,17,6946,17,6946
33,join-order-benchmark/11c.sql,HASH_JOIN,5,False,134170,2749997,134170,780776,6946
34,join-order-benchmark/11c.sql,HASH_JOIN,6,False,97854,2652143,97854,8393,780776
35,join-order-benchmark/11c.sql,HASH_JOIN,7,False,2652141,2,8402,2,8393
36,join-order-benchmark/11c.sql,HASH_JOIN,8,False,234997,2417144,234997,104935,8402
37,join-order-benchmark/11c.sql,HASH_JOIN,9,False,99876,2317268,99876,29726,104935
38,join-order-benchmark/11c.sql,HASH_JOIN,10,False,2287271,29997,2287271,29997,29726
39,join-order-benchmark/11d.sql,HASH_JOIN,4,False,2884167,17,14899,17,14899
40,join-order-benchmark/11d.sql,HASH_JOIN,5,False,134170,2749997,134170,3200479,14899
41,join-order-benchmark/11d.sql,HASH_JOIN,6,False,97854,2652143,97854,95870,3200479
42,join-order-benchmark/11d.sql,HASH_JOIN,7,False,2652141,2,103282,2,95870
43,join-order-benchmark/11d.sql,HASH_JOIN,8,False,234997,2417144,234997,104935,103282
44,join-order-benchmark/11d.sql,HASH_JOIN,9,False,99876,2317268,99876,29726,104935
45,join-order-benchmark/11d.sql,HASH_JOIN,10,False,2287271,29997,2287271,29997,29726
46,join-order-benchmark/12a.sql,HASH_JOIN,4,False,1,18026920,1,397,397
47,join-order-benchmark/12a.sql,HASH_JOIN,5,False,14834457,3192463,14834457,5674,397
48,join-order-benchmark/12a.sql,HASH_JOIN,6,False,3192462,1,9068,1,5674
49,join-order-benchmark/12a.sql,HASH_JOIN,7,False,84843,3107619,84843,17301,9068
50,join-order-benchmark/12a.sql,HASH_JOIN,8,False,2609129,498490,2609129,4047,17301
51,join-order-benchmark/12a.sql,HASH_JOIN,11,False,445860,52630,445860,15849,4047
52,join-order-benchmark/12a.sql,HASH_JOIN,12,False,52629,1,52629,1,15849
53,join-order-benchmark/12b.sql,HASH_JOIN,4,False,20289920,1,1210,1,10
54,join-order-benchmark/12b.sql,HASH_JOIN,5,False,14834457,5455463,14834457,10,1210
55,join-order-benchmark/12b.sql,HASH_JOIN,6,False,5455461,2,10,2,10
56,join-order-benchmark/12b.sql,HASH_JOIN,7,False,84843,5370618,84843,33,10
57,join-order-benchmark/12b.sql,HASH_JOIN,8,False,2609129,2761489,2609129,2,33
58,join-order-benchmark/12b.sql,HASH_JOIN,11,False,1381453,1380036,1381453,10,2
59,join-order-benchmark/12b.sql,HASH_JOIN,12,False,1380035,1,1380035,1,10
60,join-order-benchmark/12c.sql,HASH_JOIN,4,False,1,18764070,1,4711,4711
61,join-order-benchmark/12c.sql,HASH_JOIN,5,False,14834457,3929613,14834457,42332,4711
62,join-order-benchmark/12c.sql,HASH_JOIN,6,False,3929612,1,73295,1,42332
63,join-order-benchmark/12c.sql,HASH_JOIN,7,False,84843,3844769,84843,169157,73295
64,join-order-benchmark/12c.sql,HASH_JOIN,8,False,2609129,1235640,2609129,52304,169157
65,join-order-benchmark/12c.sql,HASH_JOIN,11,False,1042800,192840,1042800,121572,52304
66,join-order-benchmark/12c.sql,HASH_JOIN,12,False,192839,1,192839,1,121572
67,join-order-benchmark/13a.sql,HASH_JOIN,4,False,21359119,1,516327,1,111101
68,join-order-benchmark/13a.sql,HASH_JOIN,5,False,14834457,6524662,14834457,16470,516327
69,join-order-benchmark/13a.sql,HASH_JOIN,6,False,6524661,1,31510,1,16470
70,join-order-benchmark/13a.sql,HASH_JOIN,7,False,2525744,3998917,2525744,31510,31510
71,join-order-benchmark/13a.sql,HASH_JOIN,8,False,3998916,1,94568,1,31510
72,join-order-benchmark/13a.sql,HASH_JOIN,9,False,1380011,2618905,1380011,71294,94568
73,join-order-benchmark/13a.sql,HASH_JOIN,10,False,2618904,1,148132,1,71294
74,join-order-benchmark/13a.sql,HASH_JOIN,11,False,2609129,9775,2609129,9775,148132
75,join-order-benchmark/13b.sql,HASH_JOIN,4,False,21434259,1,2122,1,372
76,join-order-benchmark/13b.sql,HASH_JOIN,5,False,14834457,6599802,14834457,61,2122
77,join-order-benchmark/13b.sql,HASH_JOIN,6,False,6599801,1,161,1,61
78,join-order-benchmark/13b.sql,HASH_JOIN,7,False,84843,6514958,84843,313,161
79,join-order-benchmark/13b.sql,HASH_JOIN,8,False,2609129,3905829,2609129,90,313
80,join-order-benchmark/13b.sql,HASH_JOIN,9,False,3905828,1,352,1,90
81,join-order-benchmark/13b.sql,HASH_JOIN,12,False,2525792,1380036,2525792,459925,352
82,join-order-benchmark/13b.sql,HASH_JOIN,13,False,1380035,1,1380035,1,459925
83,join-order-benchmark/13c.sql,HASH_JOIN,4,False,21434259,1,218,1,53
84,join-order-benchmark/13c.sql,HASH_JOIN,5,False,14834457,6599802,14834457,14,218
85,join-order-benchmark/13c.sql,HASH_JOIN,6,False,6599801,1,47,1,14
86,join-order-benchmark/13c.sql,HASH_JOIN,7,False,84843,6514958,84843,95,47
87,join-order-benchmark/13c.sql,HASH_JOIN,8,False,2609129,3905829,2609129,29,95
88,join-order-benchmark/13c.sql,HASH_JOIN,9,False,3905828,1,66,1,29
89,join-order-benchmark/13c.sql,HASH_JOIN,12,False,2525792,1380036,2525792,459925,66
90,join-order-benchmark/13c.sql,HASH_JOIN,13,False,1380035,1,1380035,1,459925
91,join-order-benchmark/13d.sql,HASH_JOIN,4,False,21434187,1,4316584,1,670390
92,join-order-benchmark/13d.sql,HASH_JOIN,5,False,14834457,6599730,14834457,87293,4316584
93,join-order-benchmark/13d.sql,HASH_JOIN,6,False,6599729,1,248554,1,87293
94,join-order-benchmark/13d.sql,HASH_JOIN,7,False,2525744,4073985,2525744,248554,248554
95,join-order-benchmark/13d.sql,HASH_JOIN,8,False,4073984,1,746064,1,248554
96,join-order-benchmark/13d.sql,HASH_JOIN,9,False,1380011,2693973,1380011,552328,746064
97,join-order-benchmark/13d.sql,HASH_JOIN,10,False,2693972,1,1153798,1,552328
98,join-order-benchmark/13d.sql,HASH_JOIN,11,False,2609129,84843,2609129,84843,1153798
99,join-order-benchmark/14a.sql,HASH_JOIN,4,False,134170,21088957,134170,75669,761
100,join-order-benchmark/14a.sql,HASH_JOIN,5,False,4523924,16565033,4523924,8746,75669
101,join-order-benchmark/14a.sql,HASH_JOIN,6,False,16565032,1,10078,1,8746
102,join-order-benchmark/14a.sql,HASH_JOIN,7,False,14835730,1729302,14835720,17272,10078
103,join-order-benchmark/14a.sql,HASH_JOIN,12,False,14835720,10,14835720,10,14835720
104,join-order-benchmark/14a.sql,HASH_JOIN,8,False,1729301,1,42711,1,17272
105,join-order-benchmark/14a.sql,HASH_JOIN,9,False,391666,1337635,391666,454230,42711
106,join-order-benchmark/14a.sql,HASH_JOIN,10,False,1337634,1,1337634,1,454230
107,join-order-benchmark/14b.sql,HASH_JOIN,4,False,134170,20124732,134170,4,1
108,join-order-benchmark/14b.sql,HASH_JOIN,5,False,4523924,15600808,4523924,2,4
109,join-order-benchmark/14b.sql,HASH_JOIN,6,False,15600807,1,2,1,2
110,join-order-benchmark/14b.sql,HASH_JOIN,7,False,14835730,765077,14835720,4,2
111,join-order-benchmark/14b.sql,HASH_JOIN,12,False,14835720,10,14835720,10,14835720
112,join-order-benchmark/14b.sql,HASH_JOIN,8,False,765076,1,49,1,4
113,join-order-benchmark/14b.sql,HASH_JOIN,9,False,391666,373410,391666,259848,49
114,join-order-benchmark/14b.sql,HASH_JOIN,10,False,373409,1,373409,1,259848
115,join-order-benchmark/14c.sql,HASH_JOIN,4,False,134170,21710217,134170,460150,4115
116,join-order-benchmark/14c.sql,HASH_JOIN,5,False,4523924,17186293,4523924,44414,460150
117,join-order-benchmark/14c.sql,HASH_JOIN,6,False,17186292,1,50884,1,44414
118,join-order-benchmark/14c.sql,HASH_JOIN,7,False,14835730,2350562,14835720,106971,50884
119,join-order-benchmark/14c.sql,HASH_JOIN,12,False,14835720,10,14835720,10,14835720
120,join-order-benchmark/14c.sql,HASH_JOIN,8,False,2350555,7,140455,7,106971
121,join-order-benchmark/14c.sql,HASH_JOIN,9,False,1012920,1337635,1012920,454230,140455
122,join-order-benchmark/14c.sql,HASH_JOIN,10,False,1337634,1,1337634,1,454230
123,join-order-benchmark/15a.sql,HASH_JOIN,4,False,134170,10239935,134170,328,328
124,join-order-benchmark/15a.sql,HASH_JOIN,5,False,4523869,5716066,4523869,57,328
125,join-order-benchmark/15a.sql,HASH_JOIN,6,False,2,5716064,2,57,57
126,join-order-benchmark/15a.sql,HASH_JOIN,7,False,1381453,4334611,1381453,71,57
127,join-order-benchmark/15a.sql,HASH_JOIN,8,False,4334610,1,71,1,71
128,join-order-benchmark/15a.sql,HASH_JOIN,9,False,1279430,3055180,1279430,13699,71
129,join-order-benchmark/15a.sql,HASH_JOIN,10,False,361379,2693801,361379,43837,13699
130,join-order-benchmark/15a.sql,HASH_JOIN,11,False,2608958,84843,2608958,84843,43837
131,join-order-benchmark/15b.sql,HASH_JOIN,4,False,134170,9489899,134170,37,37
132,join-order-benchmark/15b.sql,HASH_JOIN,5,False,4523869,4966030,4523869,3,37
133,join-order-benchmark/15b.sql,HASH_JOIN,6,False,2,4966028,2,3,3
134,join-order-benchmark/15b.sql,HASH_JOIN,7,False,716259,4249769,716259,3,3
135,join-order-benchmark/15b.sql,HASH_JOIN,8,False,1,4249768,1,3,3
136,join-order-benchmark/15b.sql,HASH_JOIN,9,False,1279430,2970338,1279430,27,3
137,join-order-benchmark/15b.sql,HASH_JOIN,10,False,361379,2608959,361379,278,27
138,join-order-benchmark/15b.sql,HASH_JOIN,11,False,2608958,1,2608958,1,278
139,join-order-benchmark/15c.sql,HASH_JOIN,4,False,134170,24162179,134170,2271,2271
140,join-order-benchmark/15c.sql,HASH_JOIN,5,False,4523869,19638310,4523869,284,2271
141,join-order-benchmark/15c.sql,HASH_JOIN,6,False,19638308,2,284,2,284
142,join-order-benchmark/15c.sql,HASH_JOIN,7,False,19638307,1,284,1,284
143,join-order-benchmark/15c.sql,HASH_JOIN,8,False,14834095,4804212,14834095,218489,284
144,join-order-benchmark/15c.sql,HASH_JOIN,9,False,1749032,3055180,1749032,627946,218489
145,join-order-benchmark/15c.sql,HASH_JOIN,10,False,361379,2693801,361379,1153657,627946
146,join-order-benchmark/15c.sql,HASH_JOIN,11,False,2608958,84843,2608958,84843,1153657
147,join-order-benchmark/15d.sql,HASH_JOIN,4,False,134170,24162179,134170,11347,11347
148,join-order-benchmark/15d.sql,HASH_JOIN,5,False,4523869,19638310,4523869,875,11347
149,join-order-benchmark/15d.sql,HASH_JOIN,6,False,19638308,2,875,2,875
150,join-order-benchmark/15d.sql,HASH_JOIN,7,False,19638307,1,1121,1,875
151,join-order-benchmark/15d.sql,HASH_JOIN,8,False,14834095,4804212,14834095,218489,1121
152,join-order-benchmark/15d.sql,HASH_JOIN,9,False,1749032,3055180,1749032,627946,218489
153,join-order-benchmark/15d.sql,HASH_JOIN,10,False,361379,2693801,361379,1153657,627946
154,join-order-benchmark/15d.sql,HASH_JOIN,11,False,2608958,84843,2608958,84843,1153657
155,join-order-benchmark/16a.sql,HASH_JOIN,4,False,4061923,44301332,4061923,385,385
156,join-order-benchmark/16a.sql,HASH_JOIN,5,False,772581,43528751,772581,323,385
157,join-order-benchmark/16a.sql,HASH_JOIN,8,False,36242603,7286148,36242603,25,323
158,join-order-benchmark/16a.sql,HASH_JOIN,9,False,84843,7201305,84843,54,25
159,join-order-benchmark/16a.sql,HASH_JOIN,10,False,2609129,4592176,2609129,146,54
160,join-order-benchmark/16a.sql,HASH_JOIN,13,False,68245,4523931,68245,41840,146
161,join-order-benchmark/16a.sql,HASH_JOIN,14,False,4523930,1,4523930,1,41840
162,join-order-benchmark/16b.sql,HASH_JOIN,4,False,4061923,46758814,4061923,3710592,3710592
163,join-order-benchmark/16b.sql,HASH_JOIN,5,False,772581,45986233,772581,2832555,3710592
164,join-order-benchmark/16b.sql,HASH_JOIN,8,False,36242603,9743630,36242603,68316,2832555
165,join-order-benchmark/16b.sql,HASH_JOIN,9,False,2525744,7217886,2525744,68316,68316
166,join-order-benchmark/16b.sql,HASH_JOIN,10,False,84843,7133043,84843,148552,68316
167,join-order-benchmark/16b.sql,HASH_JOIN,11,False,2609129,4523914,2609129,41838,148552
168,join-order-benchmark/16b.sql,HASH_JOIN,12,False,4523913,1,4523913,1,41838
169,join-order-benchmark/16c.sql,HASH_JOIN,4,False,4061923,45179993,4061923,319932,319932
170,join-order-benchmark/16c.sql,HASH_JOIN,5,False,772581,44407412,772581,221609,319932
171,join-order-benchmark/16c.sql,HASH_JOIN,8,False,36242603,8164809,36242603,8538,221609
172,join-order-benchmark/16c.sql,HASH_JOIN,9,False,84843,8079966,84843,11406,8538
173,join-order-benchmark/16c.sql,HASH_JOIN,10,False,2609129,5470837,2609129,6926,11406
174,join-order-benchmark/16c.sql,HASH_JOIN,13,False,946906,4523931,946906,41840,6926
175,join-order-benchmark/16c.sql,HASH_JOIN,14,False,4523930,1,4523930,1,41840
176,join-order-benchmark/16d.sql,HASH_JOIN,4,False,4061923,44925643,4061923,249455,249455
177,join-order-benchmark/16d.sql,HASH_JOIN,5,False,772581,44153062,772581,169273,249455
178,join-order-benchmark/16d.sql,HASH_JOIN,8,False,36242603,7910459,36242603,6766,169273
179,join-order-benchmark/16d.sql,HASH_JOIN,9,False,84843,7825616,84843,8661,6766
180,join-order-benchmark/16d.sql,HASH_JOIN,10,False,2609129,5216487,2609129,5385,8661
181,join-order-benchmark/16d.sql,HASH_JOIN,13,False,692556,4523931,692556,41840,5385
182,join-order-benchmark/16d.sql,HASH_JOIN,14,False,4523930,1,4523930,1,41840
183,join-order-benchmark/17a.sql,HASH_JOIN,5,False,343399,45986233,343399,2832555,258289
184,join-order-benchmark/17a.sql,HASH_JOIN,6,False,36242603,9743630,36242603,68316,2832555
185,join-order-benchmark/17a.sql,HASH_JOIN,7,False,2525744,7217886,2525744,68316,68316
186,join-order-benchmark/17a.sql,HASH_JOIN,8,False,84843,7133043,84843,148552,68316
187,join-order-benchmark/17a.sql,HASH_JOIN,9,False,2609129,4523914,2609129,41838,148552
188,join-order-benchmark/17a.sql,HASH_JOIN,10,False,4523913,1,4523913,1,41838
189,join-order-benchmark/17b.sql,HASH_JOIN,5,False,234997,45937807,234997,52306,52306
190,join-order-benchmark/17b.sql,HASH_JOIN,6,False,36174,45901633,36174,7796926,52306
191,join-order-benchmark/17b.sql,HASH_JOIN,7,False,36242603,9659030,36242603,148552,7796926
192,join-order-benchmark/17b.sql,HASH_JOIN,8,False,2609129,7049901,2609129,41840,148552
193,join-order-benchmark/17b.sql,HASH_JOIN,11,False,2525970,4523931,2525970,41840,41840
194,join-order-benchmark/17b.sql,HASH_JOIN,12,False,4523930,1,4523930,1,41840
195,join-order-benchmark/17c.sql,HASH_JOIN,5,False,234997,45904297,234997,1918,1918
196,join-order-benchmark/17c.sql,HASH_JOIN,6,False,2664,45901633,2664,7796926,1918
197,join-order-benchmark/17c.sql,HASH_JOIN,7,False,36242603,9659030,36242603,148552,7796926
198,join-order-benchmark/17c.sql,HASH_JOIN,8,False,2609129,7049901,2609129,41840,148552
199,join-order-benchmark/17c.sql,HASH_JOIN,11,False,2525970,4523931,2525970,41840,41840
200,join-order-benchmark/17c.sql,HASH_JOIN,12,False,4523930,1,4523930,1,41840
201,join-order-benchmark/17d.sql,HASH_JOIN,4,False,4061926,46136630,4061926,7796926,11538
202,join-order-benchmark/17d.sql,HASH_JOIN,5,False,36242603,9894027,36242603,148552,7796926
203,join-order-benchmark/17d.sql,HASH_JOIN,6,False,234997,9659030,234997,148552,148552
204,join-order-benchmark/17d.sql,HASH_JOIN,7,False,2609129,7049901,2609129,41840,148552
205,join-order-benchmark/17d.sql,HASH_JOIN,10,False,2525970,4523931,2525970,41840,41840
206,join-order-benchmark/17d.sql,HASH_JOIN,11,False,4523930,1,4523930,1,41840
207,join-order-benchmark/17e.sql,HASH_JOIN,4,False,4061926,45986233,4061926,2832555,2832555
208,join-order-benchmark/17e.sql,HASH_JOIN,5,False,36242603,9743630,36242603,68316,2832555
209,join-order-benchmark/17e.sql,HASH_JOIN,6,False,2525744,7217886,2525744,68316,68316
210,join-order-benchmark/17e.sql,HASH_JOIN,7,False,84843,7133043,84843,148552,68316
211,join-order-benchmark/17e.sql,HASH_JOIN,8,False,2609129,4523914,2609129,41838,148552
212,join-order-benchmark/17e.sql,HASH_JOIN,9,False,4523913,1,4523913,1,41838
213,join-order-benchmark/17f.sql,HASH_JOIN,4,False,4061926,46136630,4061926,7796926,1113120
214,join-order-benchmark/17f.sql,HASH_JOIN,5,False,36242603,9894027,36242603,148552,7796926
215,join-order-benchmark/17f.sql,HASH_JOIN,6,False,234997,9659030,234997,148552,148552
216,join-order-benchmark/17f.sql,HASH_JOIN,7,False,2609129,7049901,2609129,41840,148552
217,join-order-benchmark/17f.sql,HASH_JOIN,10,False,2525970,4523931,2525970,41840,41840
218,join-order-benchmark/17f.sql,HASH_JOIN,11,False,4523930,1,4523930,1,41840
219,join-order-benchmark/18a.sql,HASH_JOIN,4,False,56723341,1,82408,1,410
220,join-order-benchmark/18a.sql,HASH_JOIN,5,False,14834653,41888688,14834653,3435,82408
221,join-order-benchmark/18a.sql,HASH_JOIN,6,False,2525792,39362896,2525792,3435,3435
222,join-order-benchmark/18a.sql,HASH_JOIN,7,False,1739579,37623317,1739579,858842,3435
223,join-order-benchmark/18a.sql,HASH_JOIN,8,False,36243281,1380036,36243281,459925,858842
224,join-order-benchmark/18a.sql,HASH_JOIN,9,False,1380035,1,1380035,1,459925
225,join-order-benchmark/18b.sql,HASH_JOIN,4,False,961555,51916121,961555,268,11
226,join-order-benchmark/18b.sql,HASH_JOIN,5,False,36244349,15671772,36244344,358,268
227,join-order-benchmark/18b.sql,HASH_JOIN,10,False,36244344,5,36244344,5,36244344
228,join-order-benchmark/18b.sql,HASH_JOIN,6,False,15671771,1,358,1,358
229,join-order-benchmark/18b.sql,HASH_JOIN,7,False,14834653,837118,14834653,6152,358
230,join-order-benchmark/18b.sql,HASH_JOIN,8,False,784488,52630,784488,15849,6152
231,join-order-benchmark/18b.sql,HASH_JOIN,9,False,52629,1,52629,1,15849
232,join-order-benchmark/18c.sql,HASH_JOIN,4,False,1739579,54984837,1739579,54155,28073
233,join-order-benchmark/18c.sql,HASH_JOIN,5,False,36244349,18740488,36244344,102516,54155
234,join-order-benchmark/18c.sql,HASH_JOIN,10,False,36244344,5,36244344,5,36244344
235,join-order-benchmark/18c.sql,HASH_JOIN,6,False,2525792,16214696,2525792,102516,102516
236,join-order-benchmark/18c.sql,HASH_JOIN,7,False,16214695,1,104892,1,102516
237,join-order-benchmark/18c.sql,HASH_JOIN,8,True,14834659,1380036,188967,459925,104892
238,join-order-benchmark/18c.sql,HASH_JOIN,9,False,14834653,6,14834653,6,188967
239,join-order-benchmark/18c.sql,HASH_JOIN,9,False,1380035,1,1380035,1,459925
240,join-order-benchmark/19a.sql,HASH_JOIN,4,False,3140339,56079726,3140339,189,184
241,join-order-benchmark/19a.sql,HASH_JOIN,5,False,772581,55307145,772581,170,189
242,join-order-benchmark/19a.sql,HASH_JOIN,8,False,961555,54345590,961555,40272,170
243,join-order-benchmark/19a.sql,HASH_JOIN,9,False,54345589,1,130077,1,40272
244,join-order-benchmark/19a.sql,HASH_JOIN,10,False,36242603,18102986,36242603,116277,130077
245,join-order-benchmark/19a.sql,HASH_JOIN,11,False,18102985,1,116287,1,116277
246,join-order-benchmark/19a.sql,HASH_JOIN,12,False,14834457,3268528,14834457,86979,116287
247,join-order-benchmark/19a.sql,HASH_JOIN,13,False,574556,2693972,574556,542096,86979
248,join-order-benchmark/19a.sql,HASH_JOIN,14,False,2609129,84843,2609129,84843,542096
249,join-order-benchmark/19b.sql,HASH_JOIN,4,False,3140339,20218821,3140339,15,15
250,join-order-benchmark/19b.sql,HASH_JOIN,5,False,1,20218820,1,15,15
251,join-order-benchmark/19b.sql,HASH_JOIN,6,False,14834457,5384363,14834457,15,15
252,join-order-benchmark/19b.sql,HASH_JOIN,7,False,772581,4611782,772581,3,15
253,join-order-benchmark/19b.sql,HASH_JOIN,10,False,84843,4526939,84843,3,3
254,join-order-benchmark/19b.sql,HASH_JOIN,11,False,2609129,1917810,2609129,1,3
255,join-order-benchmark/19b.sql,HASH_JOIN,14,False,961555,956255,961555,17,1
256,join-order-benchmark/19b.sql,HASH_JOIN,15,False,956254,1,71,1,17
257,join-order-benchmark/19b.sql,HASH_JOIN,16,False,242426,713828,242426,713828,71
258,join-order-benchmark/19c.sql,HASH_JOIN,4,False,3140339,56886623,3140339,3744,3575
259,join-order-benchmark/19c.sql,HASH_JOIN,5,False,772581,56114042,772581,2830,3744
260,join-order-benchmark/19c.sql,HASH_JOIN,8,False,961555,55152487,961555,132216,2830
261,join-order-benchmark/19c.sql,HASH_JOIN,9,False,55152486,1,436929,1,132216
262,join-order-benchmark/19c.sql,HASH_JOIN,10,False,36242603,18909883,36242603,391371,436929
263,join-order-benchmark/19c.sql,HASH_JOIN,11,False,18909882,1,391431,1,391371
264,join-order-benchmark/19c.sql,HASH_JOIN,12,False,14834457,4075425,14834457,468787,391431
265,join-order-benchmark/19c.sql,HASH_JOIN,13,False,1381453,2693972,1381453,1153798,468787
266,join-order-benchmark/19c.sql,HASH_JOIN,14,False,2609129,84843,2609129,84843,1153798
267,join-order-benchmark/19d.sql,HASH_JOIN,4,False,3140339,56886623,3140339,1909379,1760645
268,join-order-benchmark/19d.sql,HASH_JOIN,5,False,56886622,1,11154124,1,1909379
269,join-order-benchmark/19d.sql,HASH_JOIN,6,False,14834457,42052165,14834457,276408,11154124
270,join-order-benchmark/19d.sql,HASH_JOIN,7,False,961555,41090610,961555,276501,276408
271,join-order-benchmark/19d.sql,HASH_JOIN,8,False,772581,40318029,772581,104391,276501
272,join-order-benchmark/19d.sql,HASH_JOIN,9,False,40318028,1,357202,1,104391
273,join-order-benchmark/19d.sql,HASH_JOIN,12,False,36242603,4075425,36242603,468787,357202
274,join-order-benchmark/19d.sql,HASH_JOIN,13,False,1381453,2693972,1381453,1153798,468787
275,join-order-benchmark/19d.sql,HASH_JOIN,14,False,2609129,84843,2609129,84843,1153798
276,join-order-benchmark/1a.sql,HASH_JOIN,4,False,2525744,3989142,2525744,142,142
277,join-order-benchmark/1a.sql,HASH_JOIN,5,False,3989141,1,147,1,142
278,join-order-benchmark/1a.sql,HASH_JOIN,6,False,2609129,1380012,2609129,250,147
279,join-order-benchmark/1a.sql,HASH_JOIN,7,False,1380011,1,1380011,1,250
280,join-order-benchmark/1b.sql,HASH_JOIN,4,False,4705424,1,66,1,3
281,join-order-benchmark/1b.sql,HASH_JOIN,5,False,2609129,2096295,2609129,4,66
282,join-order-benchmark/1b.sql,HASH_JOIN,8,False,716259,1380036,716259,10,4
283,join-order-benchmark/1b.sql,HASH_JOIN,9,False,1380035,1,1380035,1,10
284,join-order-benchmark/1c.sql,HASH_JOIN,4,False,4380831,1,3,1,3
285,join-order-benchmark/1c.sql,HASH_JOIN,5,False,2609129,1771702,2609129,12,3
286,join-order-benchmark/1c.sql,HASH_JOIN,8,False,391666,1380036,391666,250,12
287,join-order-benchmark/1c.sql,HASH_JOIN,9,False,1380035,1,1380035,1,250
288,join-order-benchmark/1d.sql,HASH_JOIN,4,False,5370618,1,78,1,4
289,join-order-benchmark/1d.sql,HASH_JOIN,5,False,2609129,2761489,2609129,6,78
290,join-order-benchmark/1d.sql,HASH_JOIN,8,False,1381453,1380036,1381453,10,6
291,join-order-benchmark/1d.sql,HASH_JOIN,9,False,1380035,1,1380035,1,10
292,join-order-benchmark/20a.sql,HASH_JOIN,4,False,4061926,46462440,4061926,33,33
293,join-order-benchmark/20a.sql,HASH_JOIN,5,False,3140339,43322101,3140339,532809,33
294,join-order-benchmark/20a.sql,HASH_JOIN,6,False,36241770,7080331,36241770,6016,532809
295,join-order-benchmark/20a.sql,HASH_JOIN,7,False,134178,6946153,134170,978322,6016
296,join-order-benchmark/20a.sql,HASH_JOIN,10,False,134170,8,134170,8,134170
297,join-order-benchmark/20a.sql,HASH_JOIN,8,False,4523792,2422361,4523792,28583,978322
298,join-order-benchmark/20a.sql,HASH_JOIN,11,False,2422359,2,28583,2,28583
299,join-order-benchmark/20a.sql,HASH_JOIN,12,False,2422358,1,41167,1,28583
300,join-order-benchmark/20a.sql,HASH_JOIN,13,False,2422357,1,114624,1,41167
301,join-order-benchmark/20a.sql,HASH_JOIN,14,False,2287271,135086,2287271,135086,114624
302,join-order-benchmark/20b.sql,HASH_JOIN,4,False,3140339,46478209,3140339,27,17
303,join-order-benchmark/20b.sql,HASH_JOIN,5,False,4061926,42416283,4061926,222518,27
304,join-order-benchmark/20b.sql,HASH_JOIN,6,False,36241770,6174513,36241770,1472,222518
305,join-order-benchmark/20b.sql,HASH_JOIN,7,False,134178,6040335,134170,294672,1472
306,join-order-benchmark/20b.sql,HASH_JOIN,10,False,134170,8,134170,8,134170
307,join-order-benchmark/20b.sql,HASH_JOIN,8,False,4523792,1516543,4523792,4696,294672
308,join-order-benchmark/20b.sql,HASH_JOIN,11,False,1516541,2,4696,2,4696
309,join-order-benchmark/20b.sql,HASH_JOIN,12,False,1516540,1,6234,1,4696
310,join-order-benchmark/20b.sql,HASH_JOIN,13,False,1516539,1,38722,1,6234
311,join-order-benchmark/20b.sql,HASH_JOIN,14,False,1381453,135086,1381453,135086,38722
312,join-order-benchmark/20c.sql,HASH_JOIN,4,False,4061926,45556624,4061926,5406,5406
313,join-order-benchmark/20c.sql,HASH_JOIN,5,False,3140339,42416285,3140339,189844,5406
314,join-order-benchmark/20c.sql,HASH_JOIN,6,False,36241770,6174515,36241770,1267,189844
315,join-order-benchmark/20c.sql,HASH_JOIN,7,False,134180,6040335,134170,294672,1267
316,join-order-benchmark/20c.sql,HASH_JOIN,10,False,134170,10,134170,10,134170
317,join-order-benchmark/20c.sql,HASH_JOIN,8,False,4523792,1516543,4523792,4696,294672
318,join-order-benchmark/20c.sql,HASH_JOIN,11,False,1516541,2,4696,2,4696
319,join-order-benchmark/20c.sql,HASH_JOIN,12,False,1516540,1,6234,1,4696
320,join-order-benchmark/20c.sql,HASH_JOIN,13,False,1516539,1,38722,1,6234
321,join-order-benchmark/20c.sql,HASH_JOIN,14,False,1381453,135086,1381453,135086,38722
322,join-order-benchmark/21a.sql,HASH_JOIN,4,False,14835728,1373324,14835720,310,1410
323,join-order-benchmark/21a.sql,HASH_JOIN,9,False,14835720,8,14835720,8,14835720
324,join-order-benchmark/21a.sql,HASH_JOIN,5,False,1,1373323,1,330,310
325,join-order-benchmark/21a.sql,HASH_JOIN,6,False,234997,1138326,234997,705,330
326,join-order-benchmark/21a.sql,HASH_JOIN,7,False,99876,1038450,99876,152,705
327,join-order-benchmark/21a.sql,HASH_JOIN,8,False,910581,127869,910581,199,152
328,join-order-benchmark/21a.sql,HASH_JOIN,9,False,17,127852,17,251,199
329,join-order-benchmark/21a.sql,HASH_JOIN,10,False,29997,97855,29997,46,251
330,join-order-benchmark/21a.sql,HASH_JOIN,11,False,97854,1,97854,1,46
331,join-order-benchmark/21b.sql,HASH_JOIN,4,False,514574,1505543,514574,92,38
332,join-order-benchmark/21b.sql,HASH_JOIN,5,False,1,1505542,1,92,92
333,join-order-benchmark/21b.sql,HASH_JOIN,6,False,234997,1270545,234997,317,92
334,join-order-benchmark/21b.sql,HASH_JOIN,7,False,99876,1170669,99876,48,317
335,join-order-benchmark/21b.sql,HASH_JOIN,8,False,1042800,127869,1042800,199,48
336,join-order-benchmark/21b.sql,HASH_JOIN,9,False,17,127852,17,251,199
337,join-order-benchmark/21b.sql,HASH_JOIN,10,False,29997,97855,29997,46,251
338,join-order-benchmark/21b.sql,HASH_JOIN,11,False,97854,1,97854,1,46
339,join-order-benchmark/21c.sql,HASH_JOIN,4,False,14835729,2363111,14835720,402,1874
340,join-order-benchmark/21c.sql,HASH_JOIN,9,False,14835720,9,14835720,9,14835720
341,join-order-benchmark/21c.sql,HASH_JOIN,5,False,1,2363110,1,422,402
342,join-order-benchmark/21c.sql,HASH_JOIN,6,False,234997,2128113,234997,1021,422
343,join-order-benchmark/21c.sql,HASH_JOIN,7,False,99876,2028237,99876,199,1021
344,join-order-benchmark/21c.sql,HASH_JOIN,8,False,1900368,127869,1900368,199,199
345,join-order-benchmark/21c.sql,HASH_JOIN,9,False,17,127852,17,251,199
346,join-order-benchmark/21c.sql,HASH_JOIN,10,False,29997,97855,29997,46,251
347,join-order-benchmark/21c.sql,HASH_JOIN,11,False,97854,1,97854,1,46
348,join-order-benchmark/22a.sql,HASH_JOIN,4,False,2,24171700,2,2851,2851
349,join-order-benchmark/22a.sql,HASH_JOIN,5,False,134170,24037530,134170,319409,2851
350,join-order-benchmark/22a.sql,HASH_JOIN,6,False,4523913,19513617,4523913,3672,319409
351,join-order-benchmark/22a.sql,HASH_JOIN,7,False,19513616,1,4282,1,3672
352,join-order-benchmark/22a.sql,HASH_JOIN,8,False,14834457,4679159,14834457,6816,4282
353,join-order-benchmark/22a.sql,HASH_JOIN,9,False,234997,4444162,234997,7820,6816
354,join-order-benchmark/22a.sql,HASH_JOIN,10,False,2609129,1835033,2609129,40854,7820
355,join-order-benchmark/22a.sql,HASH_JOIN,13,False,1835026,7,55098,7,40854
356,join-order-benchmark/22a.sql,HASH_JOIN,14,False,662065,1172961,662065,324117,55098
357,join-order-benchmark/22a.sql,HASH_JOIN,15,False,1172960,1,1172960,1,324117
358,join-order-benchmark/22b.sql,HASH_JOIN,4,False,2,24043004,2,31,31
359,join-order-benchmark/22b.sql,HASH_JOIN,5,False,134170,23908834,134170,2606,31
360,join-order-benchmark/22b.sql,HASH_JOIN,6,False,4523913,19384921,4523913,91,2606
361,join-order-benchmark/22b.sql,HASH_JOIN,7,False,19384920,1,124,1,91
362,join-order-benchmark/22b.sql,HASH_JOIN,8,False,14834457,4550463,14834457,347,124
363,join-order-benchmark/22b.sql,HASH_JOIN,9,False,234997,4315466,234997,488,347
364,join-order-benchmark/22b.sql,HASH_JOIN,10,False,2609129,1706337,2609129,31112,488
365,join-order-benchmark/22b.sql,HASH_JOIN,13,False,1706330,7,41460,7,31112
366,join-order-benchmark/22b.sql,HASH_JOIN,14,False,533369,1172961,533369,324117,41460
367,join-order-benchmark/22b.sql,HASH_JOIN,15,False,1172960,1,1172960,1,324117
368,join-order-benchmark/22c.sql,HASH_JOIN,4,False,2,24688502,2,21489,21489
369,join-order-benchmark/22c.sql,HASH_JOIN,5,False,134170,24554332,134170,2610972,21489
370,join-order-benchmark/22c.sql,HASH_JOIN,6,False,4523913,20030419,4523913,35930,2610972
371,join-order-benchmark/22c.sql,HASH_JOIN,7,False,20030418,1,41903,1,35930
372,join-order-benchmark/22c.sql,HASH_JOIN,8,False,14835730,5194688,14835720,56007,41903
373,join-order-benchmark/22c.sql,HASH_JOIN,13,False,14835720,10,14835720,10,14835720
374,join-order-benchmark/22c.sql,HASH_JOIN,9,False,234997,4959691,234997,61806,56007
375,join-order-benchmark/22c.sql,HASH_JOIN,10,False,2609129,2350562,2609129,106971,61806
376,join-order-benchmark/22c.sql,HASH_JOIN,13,False,2350555,7,140455,7,106971
377,join-order-benchmark/22c.sql,HASH_JOIN,14,False,1012920,1337635,1012920,454230,140455
378,join-order-benchmark/22c.sql,HASH_JOIN,15,False,1337634,1,1337634,1,454230
379,join-order-benchmark/22d.sql,HASH_JOIN,4,False,2,24688502,2,46281,46281
380,join-order-benchmark/22d.sql,HASH_JOIN,5,False,134170,24554332,134170,5536051,46281
381,join-order-benchmark/22d.sql,HASH_JOIN,6,False,4523913,20030419,4523913,99935,5536051
382,join-order-benchmark/22d.sql,HASH_JOIN,7,False,234997,19795422,234997,189157,99935
383,join-order-benchmark/22d.sql,HASH_JOIN,8,False,2609129,17186293,2609129,44414,189157
384,join-order-benchmark/22d.sql,HASH_JOIN,9,False,17186292,1,50884,1,44414
385,join-order-benchmark/22d.sql,HASH_JOIN,12,False,14835730,2350562,14835720,106971,50884
386,join-order-benchmark/22d.sql,HASH_JOIN,17,False,14835720,10,14835720,10,14835720
387,join-order-benchmark/22d.sql,HASH_JOIN,13,False,2350555,7,140455,7,106971
388,join-order-benchmark/22d.sql,HASH_JOIN,14,False,1012920,1337635,1012920,454230,140455
389,join-order-benchmark/22d.sql,HASH_JOIN,15,False,1337634,1,1337634,1,454230
390,join-order-benchmark/23a.sql,HASH_JOIN,4,False,134170,23564973,134170,618,618
391,join-order-benchmark/23a.sql,HASH_JOIN,5,False,4523775,19041198,4523775,6,618
392,join-order-benchmark/23a.sql,HASH_JOIN,6,False,2,19041196,2,6,6
393,join-order-benchmark/23a.sql,HASH_JOIN,7,False,19041195,1,6,1,6
394,join-order-benchmark/23a.sql,HASH_JOIN,8,False,14833529,4207666,14833529,5763,6
395,join-order-benchmark/23a.sql,HASH_JOIN,9,False,4207665,1,18806,1,5763
396,join-order-benchmark/23a.sql,HASH_JOIN,10,False,4207658,7,47552,7,18806
397,join-order-benchmark/23a.sql,HASH_JOIN,11,False,1381453,2826205,1381453,282816,47552
398,join-order-benchmark/23a.sql,HASH_JOIN,12,False,132439,2693766,132439,1153687,282816
399,join-order-benchmark/23a.sql,HASH_JOIN,13,False,2608923,84843,2608923,84843,1153687
400,join-order-benchmark/23b.sql,HASH_JOIN,4,False,2,10145097,2,16,16
401,join-order-benchmark/23b.sql,HASH_JOIN,5,False,134170,10010927,134170,618,16
402,join-order-benchmark/23b.sql,HASH_JOIN,6,False,4523775,5487152,4523775,6,618
403,join-order-benchmark/23b.sql,HASH_JOIN,7,False,84843,5402309,84843,6,6
404,join-order-benchmark/23b.sql,HASH_JOIN,8,False,2608923,2793386,2608923,5,6
405,join-order-benchmark/23b.sql,HASH_JOIN,9,False,2793385,1,32,1,5
406,join-order-benchmark/23b.sql,HASH_JOIN,10,False,2793384,1,37,1,32
407,join-order-benchmark/23b.sql,HASH_JOIN,13,False,1381453,1411931,1381453,39,37
408,join-order-benchmark/23b.sql,HASH_JOIN,14,False,132500,1279431,132500,1771,39
409,join-order-benchmark/23b.sql,HASH_JOIN,15,False,1279430,1,1279430,1,1771
410,join-order-benchmark/23c.sql,HASH_JOIN,4,False,134170,23932552,134170,628,628
411,join-order-benchmark/23c.sql,HASH_JOIN,5,False,4523775,19408777,4523775,7,628
412,join-order-benchmark/23c.sql,HASH_JOIN,6,False,2,19408775,2,7,7
413,join-order-benchmark/23c.sql,HASH_JOIN,7,False,19408774,1,7,1,7
414,join-order-benchmark/23c.sql,HASH_JOIN,8,False,14833529,4575245,14833529,21851,7
415,join-order-benchmark/23c.sql,HASH_JOIN,9,False,4575244,1,53781,1,21851
416,join-order-benchmark/23c.sql,HASH_JOIN,10,False,4575237,7,89930,7,53781
417,join-order-benchmark/23c.sql,HASH_JOIN,11,False,1749032,2826205,1749032,282816,89930
418,join-order-benchmark/23c.sql,HASH_JOIN,12,False,132439,2693766,132439,1153687,282816
419,join-order-benchmark/23c.sql,HASH_JOIN,13,False,2608923,84843,2608923,84843,1153687
420,join-order-benchmark/24a.sql,HASH_JOIN,4,False,3140339,60554919,3140339,277,275
421,join-order-benchmark/24a.sql,HASH_JOIN,5,False,772581,59782338,772581,143,277
422,join-order-benchmark/24a.sql,HASH_JOIN,8,False,961555,58820783,961555,2778,143
423,join-order-benchmark/24a.sql,HASH_JOIN,9,False,58820782,1,13758,1,2778
424,join-order-benchmark/24a.sql,HASH_JOIN,10,False,36242603,22578179,36242603,3406,13758
425,join-order-benchmark/24a.sql,HASH_JOIN,11,False,134170,22444009,134170,1261206,3406
426,join-order-benchmark/24a.sql,HASH_JOIN,12,False,4523913,17920096,4523913,142261,1261206
427,join-order-benchmark/24a.sql,HASH_JOIN,13,False,17920095,1,142261,1,142261
428,join-order-benchmark/24a.sql,HASH_JOIN,14,False,14834457,3085638,14834457,128115,142261
429,join-order-benchmark/24a.sql,HASH_JOIN,15,False,391666,2693972,391666,1153798,128115
430,join-order-benchmark/24a.sql,HASH_JOIN,16,False,2609129,84843,2609129,84843,1153798
431,join-order-benchmark/24b.sql,HASH_JOIN,4,False,3140339,60078419,3140339,45,45
432,join-order-benchmark/24b.sql,HASH_JOIN,5,False,772581,59305838,772581,9,45
433,join-order-benchmark/24b.sql,HASH_JOIN,8,False,961555,58344283,961555,62,9
434,join-order-benchmark/24b.sql,HASH_JOIN,9,False,1,58344282,1,244,62
435,join-order-benchmark/24b.sql,HASH_JOIN,10,False,36242603,22101679,36242603,9,244
436,join-order-benchmark/24b.sql,HASH_JOIN,11,False,134170,21967509,134170,162,9
437,join-order-benchmark/24b.sql,HASH_JOIN,12,False,4523913,17443596,4523913,5,162
438,join-order-benchmark/24b.sql,HASH_JOIN,13,False,1,17443595,1,5,5
439,join-order-benchmark/24b.sql,HASH_JOIN,14,False,14834457,2609138,14834457,4,5
440,join-order-benchmark/24b.sql,HASH_JOIN,15,False,8,2609130,8,99,4
441,join-order-benchmark/24b.sql,HASH_JOIN,16,False,2609129,1,2609129,1,99
442,join-order-benchmark/25a.sql,HASH_JOIN,4,False,1739579,44839078,1739579,7112,4407
443,join-order-benchmark/25a.sql,HASH_JOIN,5,False,36244349,8594729,36244344,11389,7112
444,join-order-benchmark/25a.sql,HASH_JOIN,10,False,36244344,5,36244344,5,36244344
445,join-order-benchmark/25a.sql,HASH_JOIN,6,False,2525792,6068937,2525792,11389,11389
446,join-order-benchmark/25a.sql,HASH_JOIN,7,False,134175,5934762,134170,319480,11389
447,join-order-benchmark/25a.sql,HASH_JOIN,10,False,134170,5,134170,5,134170
448,join-order-benchmark/25a.sql,HASH_JOIN,8,False,4523924,1410838,4523924,16480,319480
449,join-order-benchmark/25a.sql,HASH_JOIN,9,False,1,1410837,1,49452,16480
450,join-order-benchmark/25a.sql,HASH_JOIN,10,False,1380035,30802,1380035,30413,49452
451,join-order-benchmark/25a.sql,HASH_JOIN,11,False,30801,1,30801,1,30413
452,join-order-benchmark/25b.sql,HASH_JOIN,4,False,1739579,42313359,1739579,6,6
453,join-order-benchmark/25b.sql,HASH_JOIN,5,False,36244349,6069010,36244344,9,6
454,join-order-benchmark/25b.sql,HASH_JOIN,10,False,36244344,5,36244344,5,36244344
455,join-order-benchmark/25b.sql,HASH_JOIN,6,False,134175,5934835,134170,74,9
456,join-order-benchmark/25b.sql,HASH_JOIN,9,False,134170,5,134170,5,134170
457,join-order-benchmark/25b.sql,HASH_JOIN,7,False,4523924,1410911,4523924,10,74
458,join-order-benchmark/25b.sql,HASH_JOIN,8,False,1,1410910,1,30,10
459,join-order-benchmark/25b.sql,HASH_JOIN,9,False,1380035,30875,1380035,23,30
460,join-order-benchmark/25b.sql,HASH_JOIN,12,False,73,30802,73,30413,23
461,join-order-benchmark/25b.sql,HASH_JOIN,13,False,30801,1,30801,1,30413
462,join-order-benchmark/25c.sql,HASH_JOIN,4,False,1739579,59642938,1739579,42900,26153
463,join-order-benchmark/25c.sql,HASH_JOIN,5,False,36244349,23398589,36244344,63386,42900
464,join-order-benchmark/25c.sql,HASH_JOIN,10,False,36244344,5,36244344,5,36244344
465,join-order-benchmark/25c.sql,HASH_JOIN,6,False,2525792,20872797,2525792,63386,63386
466,join-order-benchmark/25c.sql,HASH_JOIN,7,False,134177,20738620,134170,2224786,63386
467,join-order-benchmark/25c.sql,HASH_JOIN,10,False,134170,7,134170,7,134170
468,join-order-benchmark/25c.sql,HASH_JOIN,8,False,4523924,16214696,4523924,102516,2224786
469,join-order-benchmark/25c.sql,HASH_JOIN,9,False,16214695,1,104892,1,102516
470,join-order-benchmark/25c.sql,HASH_JOIN,10,True,14834659,1380036,188967,459925,104892
471,join-order-benchmark/25c.sql,HASH_JOIN,11,False,14834653,6,14834653,6,188967
472,join-order-benchmark/25c.sql,HASH_JOIN,11,False,1380035,1,1380035,1,459925
473,join-order-benchmark/26a.sql,HASH_JOIN,4,False,4061926,45745765,4061926,1728,1728
474,join-order-benchmark/26a.sql,HASH_JOIN,5,False,3140339,42605426,3140339,58947,1728
475,join-order-benchmark/26a.sql,HASH_JOIN,6,False,36240724,6364702,36240724,326,58947
476,join-order-benchmark/26a.sql,HASH_JOIN,7,False,134180,6230522,134170,79039,326
477,join-order-benchmark/26a.sql,HASH_JOIN,10,False,134170,10,134170,10,134170
478,join-order-benchmark/26a.sql,HASH_JOIN,8,False,4523786,1706736,4523786,647,79039
479,join-order-benchmark/26a.sql,HASH_JOIN,9,False,2,1706734,2,647,647
480,join-order-benchmark/26a.sql,HASH_JOIN,10,False,1706733,1,863,1,647
481,join-order-benchmark/26a.sql,HASH_JOIN,11,False,1706732,1,9872,1,863
482,join-order-benchmark/26a.sql,HASH_JOIN,12,False,1381453,325279,1381453,29914,9872
483,join-order-benchmark/26a.sql,HASH_JOIN,13,False,132439,192840,132439,121570,29914
484,join-order-benchmark/26a.sql,HASH_JOIN,14,False,192839,1,192839,1,121570
485,join-order-benchmark/26b.sql,HASH_JOIN,4,False,4061926,45237012,4061926,93,93
486,join-order-benchmark/26b.sql,HASH_JOIN,5,False,3140339,42096673,3140339,2300,93
487,join-order-benchmark/26b.sql,HASH_JOIN,6,False,36240724,5855949,36240724,6,2300
488,join-order-benchmark/26b.sql,HASH_JOIN,7,False,134170,5721779,134170,3891,6
489,join-order-benchmark/26b.sql,HASH_JOIN,8,False,4523786,1197993,4523786,32,3891
490,join-order-benchmark/26b.sql,HASH_JOIN,9,False,2,1197991,2,32,32
491,join-order-benchmark/26b.sql,HASH_JOIN,10,False,1197990,1,48,1,32
492,join-order-benchmark/26b.sql,HASH_JOIN,11,False,1197989,1,1591,1,48
493,join-order-benchmark/26b.sql,HASH_JOIN,12,False,1012920,185069,1012920,3981,1591
494,join-order-benchmark/26b.sql,HASH_JOIN,13,False,132439,52630,132439,15848,3981
495,join-order-benchmark/26b.sql,HASH_JOIN,14,False,52629,1,52629,1,15848
496,join-order-benchmark/26c.sql,HASH_JOIN,4,False,4061926,46932859,4061926,5400,5400
497,join-order-benchmark/26c.sql,HASH_JOIN,5,False,3140339,43792520,3140339,189738,5400
498,join-order-benchmark/26c.sql,HASH_JOIN,6,False,36240724,7551796,36240724,1261,189738
499,join-order-benchmark/26c.sql,HASH_JOIN,7,False,134180,7417616,134170,293146,1261
500,join-order-benchmark/26c.sql,HASH_JOIN,10,False,134170,10,134170,10,134170
501,join-order-benchmark/26c.sql,HASH_JOIN,8,False,4523786,2893830,4523786,4028,293146
502,join-order-benchmark/26c.sql,HASH_JOIN,9,False,2893828,2,4028,2,4028
503,join-order-benchmark/26c.sql,HASH_JOIN,10,False,2893827,1,5052,1,4028
504,join-order-benchmark/26c.sql,HASH_JOIN,11,False,2893826,1,19824,1,5052
505,join-order-benchmark/26c.sql,HASH_JOIN,12,False,1381453,1512373,1381453,95399,19824
506,join-order-benchmark/26c.sql,HASH_JOIN,13,False,132439,1379934,132439,459891,95399
507,join-order-benchmark/26c.sql,HASH_JOIN,14,False,1379933,1,1379933,1,459891
508,join-order-benchmark/27a.sql,HASH_JOIN,4,False,513646,1379113,513646,172,477
509,join-order-benchmark/27a.sql,HASH_JOIN,5,False,1,1379112,1,229,172
510,join-order-benchmark/27a.sql,HASH_JOIN,6,False,2,1379110,2,229,229
511,join-order-benchmark/27a.sql,HASH_JOIN,7,False,1,1379109,1,248,229
512,join-order-benchmark/27a.sql,HASH_JOIN,8,False,234997,1144112,234997,581,248
513,join-order-benchmark/27a.sql,HASH_JOIN,9,False,99670,1044442,99670,98,581
514,join-order-benchmark/27a.sql,HASH_JOIN,10,False,910581,133861,910581,98,98
515,join-order-benchmark/27a.sql,HASH_JOIN,11,False,17,133844,17,119,98
516,join-order-benchmark/27a.sql,HASH_JOIN,12,False,5992,127852,5992,251,119
517,join-order-benchmark/27a.sql,HASH_JOIN,15,False,29997,97855,29997,46,251
518,join-order-benchmark/27a.sql,HASH_JOIN,16,False,97854,1,97854,1,46
519,join-order-benchmark/27b.sql,HASH_JOIN,4,False,513646,4941191,513646,95,247
520,join-order-benchmark/27b.sql,HASH_JOIN,5,False,1,4941190,1,152,95
521,join-order-benchmark/27b.sql,HASH_JOIN,6,False,2,4941188,2,152,152
522,join-order-benchmark/27b.sql,HASH_JOIN,7,False,1,4941187,1,152,152
523,join-order-benchmark/27b.sql,HASH_JOIN,8,False,234997,4706190,234997,342,152
524,join-order-benchmark/27b.sql,HASH_JOIN,9,False,99670,4606520,99670,57,342
525,join-order-benchmark/27b.sql,HASH_JOIN,10,False,17,4606503,17,57,57
526,join-order-benchmark/27b.sql,HASH_JOIN,11,False,5992,4600511,5992,77,57
527,join-order-benchmark/27b.sql,HASH_JOIN,14,False,29997,4570514,29997,271,77
528,join-order-benchmark/27b.sql,HASH_JOIN,17,False,46583,4523931,46583,10544,271
529,join-order-benchmark/27b.sql,HASH_JOIN,18,False,4523930,1,4523930,1,10544
530,join-order-benchmark/27c.sql,HASH_JOIN,4,False,14835729,2368900,14835720,172,743
531,join-order-benchmark/27c.sql,HASH_JOIN,9,False,14835720,9,14835720,9,14835720
532,join-order-benchmark/27c.sql,HASH_JOIN,5,False,2,2368898,2,172,172
533,join-order-benchmark/27c.sql,HASH_JOIN,6,False,1,2368897,1,229,172
534,join-order-benchmark/27c.sql,HASH_JOIN,7,False,1,2368896,1,248,229
535,join-order-benchmark/27c.sql,HASH_JOIN,8,False,234997,2133899,234997,581,248
536,join-order-benchmark/27c.sql,HASH_JOIN,9,False,99670,2034229,99670,98,581
537,join-order-benchmark/27c.sql,HASH_JOIN,10,False,1900368,133861,1900368,98,98
538,join-order-benchmark/27c.sql,HASH_JOIN,11,False,17,133844,17,119,98
539,join-order-benchmark/27c.sql,HASH_JOIN,12,False,5992,127852,5992,251,119
540,join-order-benchmark/27c.sql,HASH_JOIN,15,False,29997,97855,29997,46,251
541,join-order-benchmark/27c.sql,HASH_JOIN,16,False,97854,1,97854,1,46
542,join-order-benchmark/28a.sql,HASH_JOIN,4,False,134170,25054965,134170,738406,4803
543,join-order-benchmark/28a.sql,HASH_JOIN,5,False,4523775,20531190,4523775,8650,738406
544,join-order-benchmark/28a.sql,HASH_JOIN,6,False,1,20531189,1,9355,8650
545,join-order-benchmark/28a.sql,HASH_JOIN,7,False,14835730,5695459,14835720,9491,9355
546,join-order-benchmark/28a.sql,HASH_JOIN,12,False,14835720,10,14835720,10,14835720
547,join-order-benchmark/28a.sql,HASH_JOIN,8,False,2,5695457,2,9491,9491
548,join-order-benchmark/28a.sql,HASH_JOIN,9,False,2,5695455,2,10551,9491
549,join-order-benchmark/28a.sql,HASH_JOIN,10,False,1,5695454,1,48252,10551
550,join-order-benchmark/28a.sql,HASH_JOIN,11,False,234997,5460457,234997,50243,48252
551,join-order-benchmark/28a.sql,HASH_JOIN,12,False,2608923,2851534,2608923,16813,50243
552,join-order-benchmark/28a.sql,HASH_JOIN,15,False,2851527,7,19121,7,16813
553,join-order-benchmark/28a.sql,HASH_JOIN,16,False,1381453,1470074,1381453,94130,19121
554,join-order-benchmark/28a.sql,HASH_JOIN,17,False,132439,1337635,132439,454196,94130
555,join-order-benchmark/28a.sql,HASH_JOIN,18,False,1337634,1,1337634,1,454196
556,join-order-benchmark/28b.sql,HASH_JOIN,4,False,134170,23654864,134170,15989,148
557,join-order-benchmark/28b.sql,HASH_JOIN,5,False,4523775,19131089,4523775,165,15989
558,join-order-benchmark/28b.sql,HASH_JOIN,6,False,1,19131088,1,253,165
559,join-order-benchmark/28b.sql,HASH_JOIN,7,False,14833529,4297559,14833529,4055,253
560,join-order-benchmark/28b.sql,HASH_JOIN,8,False,2,4297557,2,4055,4055
561,join-order-benchmark/28b.sql,HASH_JOIN,9,False,2,4297555,2,4207,4055
562,join-order-benchmark/28b.sql,HASH_JOIN,10,False,1,4297554,1,15201,4207
563,join-order-benchmark/28b.sql,HASH_JOIN,11,False,234997,4062557,234997,15685,15201
564,join-order-benchmark/28b.sql,HASH_JOIN,12,False,2608923,1453634,2608923,8370,15685
565,join-order-benchmark/28b.sql,HASH_JOIN,15,False,1453627,7,8719,7,8370
566,join-order-benchmark/28b.sql,HASH_JOIN,16,False,1012920,440707,1012920,47053,8719
567,join-order-benchmark/28b.sql,HASH_JOIN,17,False,132439,308268,132439,194903,47053
568,join-order-benchmark/28b.sql,HASH_JOIN,18,False,308267,1,308267,1,194903
569,join-order-benchmark/28c.sql,HASH_JOIN,4,False,134170,24686431,134170,1151351,8373
570,join-order-benchmark/28c.sql,HASH_JOIN,5,False,4523775,20162656,4523775,11455,1151351
571,join-order-benchmark/28c.sql,HASH_JOIN,6,False,1,20162655,1,12681,11455
572,join-order-benchmark/28c.sql,HASH_JOIN,7,False,14835730,5326925,14835720,12856,12681
573,join-order-benchmark/28c.sql,HASH_JOIN,12,False,14835720,10,14835720,10,14835720
574,join-order-benchmark/28c.sql,HASH_JOIN,8,False,2,5326923,2,12856,12856
575,join-order-benchmark/28c.sql,HASH_JOIN,9,False,1,5326922,1,18121,12856
576,join-order-benchmark/28c.sql,HASH_JOIN,10,False,1,5326921,1,22710,18121
577,join-order-benchmark/28c.sql,HASH_JOIN,11,False,234997,5091924,234997,23710,22710
578,join-order-benchmark/28c.sql,HASH_JOIN,12,False,2608923,2483001,2608923,10771,23710
579,join-order-benchmark/28c.sql,HASH_JOIN,15,False,2482994,7,11792,7,10771
580,join-order-benchmark/28c.sql,HASH_JOIN,16,False,1012920,1470074,1012920,94130,11792
581,join-order-benchmark/28c.sql,HASH_JOIN,17,False,132439,1337635,132439,454196,94130
582,join-order-benchmark/28c.sql,HASH_JOIN,18,False,1337634,1,1337634,1,454196
583,join-order-benchmark/29a.sql,HASH_JOIN,4,False,1,63043313,1,1620,1620
584,join-order-benchmark/29a.sql,HASH_JOIN,5,False,1,63043312,1,4890,1620
585,join-order-benchmark/29a.sql,HASH_JOIN,6,False,2882966,60160346,2882966,30,4890
586,join-order-benchmark/29a.sql,HASH_JOIN,7,False,961555,59198791,961555,30,30
587,join-order-benchmark/29a.sql,HASH_JOIN,8,False,772581,58426210,772581,10,30
588,join-order-benchmark/29a.sql,HASH_JOIN,11,False,1,58426209,1,380,10
589,join-order-benchmark/29a.sql,HASH_JOIN,12,False,36240046,22186163,36240046,10,380
590,join-order-benchmark/29a.sql,HASH_JOIN,13,False,1,22186162,1,1080,10
591,join-order-benchmark/29a.sql,HASH_JOIN,14,False,4523775,17662387,4523775,10,1080
592,join-order-benchmark/29a.sql,HASH_JOIN,15,False,1,17662386,1,10,10
593,join-order-benchmark/29a.sql,HASH_JOIN,16,False,14833529,2828857,14833529,5,10
594,join-order-benchmark/29a.sql,HASH_JOIN,17,False,84843,2744014,84843,22,5
595,join-order-benchmark/29a.sql,HASH_JOIN,18,False,2608923,135091,2608923,1,22
596,join-order-benchmark/29a.sql,HASH_JOIN,21,False,1,135090,1,1,1
597,join-order-benchmark/29a.sql,HASH_JOIN,22,False,1,135089,1,1,1
598,join-order-benchmark/29a.sql,HASH_JOIN,23,False,135086,3,135086,3,1
599,join-order-benchmark/29b.sql,HASH_JOIN,4,False,1,49486627,1,15,15
600,join-order-benchmark/29b.sql,HASH_JOIN,5,False,1,49486626,1,2445,15
601,join-order-benchmark/29b.sql,HASH_JOIN,6,False,2882966,46603660,2882966,15,2445
602,join-order-benchmark/29b.sql,HASH_JOIN,7,False,961555,45642105,961555,15,15
603,join-order-benchmark/29b.sql,HASH_JOIN,8,False,772581,44869524,772581,5,15
604,join-order-benchmark/29b.sql,HASH_JOIN,11,False,1,44869523,1,190,5
605,join-order-benchmark/29b.sql,HASH_JOIN,12,False,36240046,8629477,36240046,5,190
606,join-order-benchmark/29b.sql,HASH_JOIN,13,False,1,8629476,1,540,5
607,join-order-benchmark/29b.sql,HASH_JOIN,14,False,4523775,4105701,4523775,5,540
608,join-order-benchmark/29b.sql,HASH_JOIN,15,False,84843,4020858,84843,22,5
609,join-order-benchmark/29b.sql,HASH_JOIN,16,False,2608923,1411935,2608923,1,22
610,join-order-benchmark/29b.sql,HASH_JOIN,19,False,1,1411934,1,1,1
611,join-order-benchmark/29b.sql,HASH_JOIN,20,False,1,1411933,1,1,1
612,join-order-benchmark/29b.sql,HASH_JOIN,21,False,1,1411932,1,1,1
613,join-order-benchmark/29b.sql,HASH_JOIN,22,False,1279430,132502,1279430,1,1
614,join-order-benchmark/29b.sql,HASH_JOIN,23,False,132500,2,132500,2,1
615,join-order-benchmark/29c.sql,HASH_JOIN,4,False,3140339,64083480,3140339,16740,16308
616,join-order-benchmark/29c.sql,HASH_JOIN,5,False,1,64083479,1,69744,16740
617,join-order-benchmark/29c.sql,HASH_JOIN,6,False,2882966,61200513,2882966,216,69744
618,join-order-benchmark/29c.sql,HASH_JOIN,7,False,772581,60427932,772581,55,216
619,join-order-benchmark/29c.sql,HASH_JOIN,10,False,961555,59466377,961555,2088,55
620,join-order-benchmark/29c.sql,HASH_JOIN,11,False,1,59466376,1,8963,2088
621,join-order-benchmark/29c.sql,HASH_JOIN,12,False,36240046,23226330,36240046,337,8963
622,join-order-benchmark/29c.sql,HASH_JOIN,13,False,1,23226329,1,337,337
623,join-order-benchmark/29c.sql,HASH_JOIN,14,False,14833529,8392800,14833529,92,337
624,join-order-benchmark/29c.sql,HASH_JOIN,15,False,84843,8307957,84843,415,92
625,join-order-benchmark/29c.sql,HASH_JOIN,16,False,2608923,5699034,2608923,18,415
626,join-order-benchmark/29c.sql,HASH_JOIN,19,False,1,5699033,1,55,18
627,join-order-benchmark/29c.sql,HASH_JOIN,20,False,1,5699032,1,61,55
628,join-order-benchmark/29c.sql,HASH_JOIN,21,False,1042800,4656232,1042800,90,61
629,join-order-benchmark/29c.sql,HASH_JOIN,22,False,132439,4523793,132439,414,90
630,join-order-benchmark/29c.sql,HASH_JOIN,23,False,4523792,1,4523792,1,414
631,join-order-benchmark/2a.sql,HASH_JOIN,4,False,2525744,7142818,2525744,7834,7834
632,join-order-benchmark/2a.sql,HASH_JOIN,5,False,9775,7133043,9775,148552,7834
633,join-order-benchmark/2a.sql,HASH_JOIN,6,False,2609129,4523914,2609129,41838,148552
634,join-order-benchmark/2a.sql,HASH_JOIN,7,False,4523913,1,4523913,1,41838
635,join-order-benchmark/2b.sql,HASH_JOIN,4,False,2525744,7135383,2525744,5228,5228
636,join-order-benchmark/2b.sql,HASH_JOIN,5,False,2340,7133043,2340,148552,5228
637,join-order-benchmark/2b.sql,HASH_JOIN,6,False,2609129,4523914,2609129,41838,148552
638,join-order-benchmark/2b.sql,HASH_JOIN,7,False,4523913,1,4523913,1,41838
639,join-order-benchmark/2c.sql,HASH_JOIN,4,False,16384,7133044,16384,0,0
640,join-order-benchmark/2c.sql,HASH_JOIN,5,False,1,7133043,1,148552,0
641,join-order-benchmark/2c.sql,HASH_JOIN,6,False,2609129,4523914,2609129,41838,148552
642,join-order-benchmark/2c.sql,HASH_JOIN,7,False,4523913,1,4523913,1,41838
643,join-order-benchmark/2d.sql,HASH_JOIN,4,False,2525744,7217886,2525744,68316,68316
644,join-order-benchmark/2d.sql,HASH_JOIN,5,False,84843,7133043,84843,148552,68316
645,join-order-benchmark/2d.sql,HASH_JOIN,6,False,2609129,4523914,2609129,41838,148552
646,join-order-benchmark/2d.sql,HASH_JOIN,7,False,4523913,1,4523913,1,41838
647,join-order-benchmark/30a.sql,HASH_JOIN,4,False,1739579,58629867,1739579,1021,757
648,join-order-benchmark/30a.sql,HASH_JOIN,5,False,36244349,22385518,36244344,1161,1021
649,join-order-benchmark/30a.sql,HASH_JOIN,10,False,36244344,5,36244344,5,36244344
650,join-order-benchmark/30a.sql,HASH_JOIN,6,False,134177,22251341,134170,51561,1161
651,join-order-benchmark/30a.sql,HASH_JOIN,9,False,134170,7,134170,7,134170
652,join-order-benchmark/30a.sql,HASH_JOIN,7,False,4523786,17727555,4523786,432,51561
653,join-order-benchmark/30a.sql,HASH_JOIN,8,False,17727554,1,432,1,432
654,join-order-benchmark/30a.sql,HASH_JOIN,9,False,14833725,2893829,14833725,1875,432
655,join-order-benchmark/30a.sql,HASH_JOIN,10,False,2893828,1,19824,1,1875
656,join-order-benchmark/30a.sql,HASH_JOIN,11,False,2893826,2,19824,2,19824
657,join-order-benchmark/30a.sql,HASH_JOIN,12,False,1381453,1512373,1381453,95399,19824
658,join-order-benchmark/30a.sql,HASH_JOIN,13,False,132439,1379934,132439,459891,95399
659,join-order-benchmark/30a.sql,HASH_JOIN,14,False,1379933,1,1379933,1,459891
660,join-order-benchmark/30b.sql,HASH_JOIN,4,False,1739579,58632514,1739579,28,28
661,join-order-benchmark/30b.sql,HASH_JOIN,5,False,36244349,22388165,36244344,12,28
662,join-order-benchmark/30b.sql,HASH_JOIN,10,False,36244344,5,36244344,5,36244344
663,join-order-benchmark/30b.sql,HASH_JOIN,6,False,134177,22253988,134170,478,12
664,join-order-benchmark/30b.sql,HASH_JOIN,9,False,134170,7,134170,7,134170
665,join-order-benchmark/30b.sql,HASH_JOIN,7,False,4523786,17730202,4523786,3,478
666,join-order-benchmark/30b.sql,HASH_JOIN,8,False,1,17730201,1,3,3
667,join-order-benchmark/30b.sql,HASH_JOIN,9,False,14833725,2896476,14833725,2,3
668,join-order-benchmark/30b.sql,HASH_JOIN,10,False,2896475,1,6,1,2
669,join-order-benchmark/30b.sql,HASH_JOIN,11,False,1379933,1516542,1379933,2,6
670,join-order-benchmark/30b.sql,HASH_JOIN,12,False,1516541,1,28,1,2
671,join-order-benchmark/30b.sql,HASH_JOIN,15,False,1516539,2,28,2,28
672,join-order-benchmark/30b.sql,HASH_JOIN,16,False,135086,1381453,135086,1381453,28
673,join-order-benchmark/30c.sql,HASH_JOIN,4,False,1739579,59773928,1739579,11863,8024
674,join-order-benchmark/30c.sql,HASH_JOIN,5,False,36244349,23529579,36244344,14655,11863
675,join-order-benchmark/30c.sql,HASH_JOIN,10,False,36244344,5,36244344,5,36244344
676,join-order-benchmark/30c.sql,HASH_JOIN,6,False,2525509,21004070,2525509,14655,14655
677,join-order-benchmark/30c.sql,HASH_JOIN,7,False,134177,20869893,134170,643428,14655
678,join-order-benchmark/30c.sql,HASH_JOIN,10,False,134170,7,134170,7,134170
679,join-order-benchmark/30c.sql,HASH_JOIN,8,False,4523786,16346107,4523786,10291,643428
680,join-order-benchmark/30c.sql,HASH_JOIN,9,False,16346106,1,12194,1,10291
681,join-order-benchmark/30c.sql,HASH_JOIN,10,True,14833731,1512375,188966,17018,12194
682,join-order-benchmark/30c.sql,HASH_JOIN,11,False,14833725,6,14833725,6,188966
683,join-order-benchmark/30c.sql,HASH_JOIN,11,False,1512374,1,61559,1,17018
684,join-order-benchmark/30c.sql,HASH_JOIN,12,False,1512373,1,95399,1,61559
685,join-order-benchmark/30c.sql,HASH_JOIN,13,False,132439,1379934,132439,459891,95399
686,join-order-benchmark/30c.sql,HASH_JOIN,14,False,1379933,1,1379933,1,459891
687,join-order-benchmark/31a.sql,HASH_JOIN,4,False,1739579,62251792,1739579,1556,1273
688,join-order-benchmark/31a.sql,HASH_JOIN,5,False,36244349,26007443,36244344,1524,1556
689,join-order-benchmark/31a.sql,HASH_JOIN,10,False,36244344,5,36244344,5,36244344
690,join-order-benchmark/31a.sql,HASH_JOIN,6,False,2525744,23481699,2525744,1524,1524
691,join-order-benchmark/31a.sql,HASH_JOIN,7,False,134177,23347522,134170,54461,1524
692,join-order-benchmark/31a.sql,HASH_JOIN,10,False,134170,7,134170,7,134170
693,join-order-benchmark/31a.sql,HASH_JOIN,8,False,4523913,18823609,4523913,661,54461
694,join-order-benchmark/31a.sql,HASH_JOIN,9,False,18823608,1,683,1,661
695,join-order-benchmark/31a.sql,HASH_JOIN,10,False,14834457,3989151,14834457,1449,683
696,join-order-benchmark/31a.sql,HASH_JOIN,11,False,3989141,10,1354883,10,1449
697,join-order-benchmark/31a.sql,HASH_JOIN,12,False,2609129,1380012,2609129,459917,1354883
698,join-order-benchmark/31a.sql,HASH_JOIN,13,False,1380011,1,1380011,1,459917
699,join-order-benchmark/31b.sql,HASH_JOIN,4,False,1739579,61107525,1739579,84,84
700,join-order-benchmark/31b.sql,HASH_JOIN,5,False,36244349,24863176,36244344,46,84
701,join-order-benchmark/31b.sql,HASH_JOIN,10,False,36244344,5,36244344,5,36244344
702,join-order-benchmark/31b.sql,HASH_JOIN,6,False,134177,24728999,134170,1504,46
703,join-order-benchmark/31b.sql,HASH_JOIN,9,False,134170,7,134170,7,134170
704,join-order-benchmark/31b.sql,HASH_JOIN,7,False,4523913,20205086,4523913,11,1504
705,join-order-benchmark/31b.sql,HASH_JOIN,8,False,20205085,1,11,1,11
706,join-order-benchmark/31b.sql,HASH_JOIN,9,False,14834457,5370628,14834457,7,11
707,join-order-benchmark/31b.sql,HASH_JOIN,10,False,10,5370618,10,19,7
708,join-order-benchmark/31b.sql,HASH_JOIN,11,False,2609129,2761489,2609129,101,19
709,join-order-benchmark/31b.sql,HASH_JOIN,14,False,1381453,1380036,1381453,459925,101
710,join-order-benchmark/31b.sql,HASH_JOIN,15,False,1380035,1,1380035,1,459925
711,join-order-benchmark/31c.sql,HASH_JOIN,4,False,4061926,62251798,4061926,2825,2825
712,join-order-benchmark/31c.sql,HASH_JOIN,5,False,36244349,26007449,36244344,2840,2825
713,join-order-benchmark/31c.sql,HASH_JOIN,10,False,36244344,5,36244344,5,36244344
714,join-order-benchmark/31c.sql,HASH_JOIN,6,False,2525744,23481705,2525744,2840,2840
715,join-order-benchmark/31c.sql,HASH_JOIN,7,False,134177,23347528,134170,110436,2840
716,join-order-benchmark/31c.sql,HASH_JOIN,10,False,134170,7,134170,7,134170
717,join-order-benchmark/31c.sql,HASH_JOIN,8,False,4523913,18823615,4523913,1235,110436
718,join-order-benchmark/31c.sql,HASH_JOIN,9,False,18823614,1,1295,1,1235
719,join-order-benchmark/31c.sql,HASH_JOIN,10,True,14834463,3989151,188961,1449,1295
720,join-order-benchmark/31c.sql,HASH_JOIN,11,False,14834457,6,14834457,6,188961
721,join-order-benchmark/31c.sql,HASH_JOIN,11,False,3989141,10,1354883,10,1449
722,join-order-benchmark/31c.sql,HASH_JOIN,12,False,2609129,1380012,2609129,459917,1354883
723,join-order-benchmark/31c.sql,HASH_JOIN,13,False,1380011,1,1380011,1,459917
724,join-order-benchmark/32a.sql,HASH_JOIN,4,False,3815,116300,3815,0,0
725,join-order-benchmark/32a.sql,HASH_JOIN,5,False,16380,99920,16380,0,0
726,join-order-benchmark/32a.sql,HASH_JOIN,6,False,17,99903,17,0,0
727,join-order-benchmark/32a.sql,HASH_JOIN,7,False,2048,97855,2048,0,0
728,join-order-benchmark/32a.sql,HASH_JOIN,8,False,97854,1,97854,1,0
729,join-order-benchmark/32b.sql,HASH_JOIN,4,False,186174,2652580,186174,4388,4388
730,join-order-benchmark/32b.sql,HASH_JOIN,5,False,2524711,127869,2524711,4388,4388
731,join-order-benchmark/32b.sql,HASH_JOIN,6,False,17,127852,17,4388,4388
732,join-order-benchmark/32b.sql,HASH_JOIN,7,False,29997,97855,29997,2233,4388
733,join-order-benchmark/32b.sql,HASH_JOIN,8,False,97854,1,97854,1,2233
734,join-order-benchmark/33a.sql,HASH_JOIN,4,False,234997,4193210,234997,8,8
735,join-order-benchmark/33a.sql,HASH_JOIN,5,False,2607699,1585511,2607699,2,8
736,join-order-benchmark/33a.sql,HASH_JOIN,6,False,84843,1500668,84843,14,2
737,join-order-benchmark/33a.sql,HASH_JOIN,7,False,99876,1400792,99876,5,14
738,join-order-benchmark/33a.sql,HASH_JOIN,8,False,7,1400785,7,5,5
739,join-order-benchmark/33a.sql,HASH_JOIN,9,False,186174,1214611,186174,5,5
740,join-order-benchmark/33a.sql,HASH_JOIN,10,False,1,1214610,1,15,5
741,join-order-benchmark/33a.sql,HASH_JOIN,11,False,63900,1150710,63900,6,15
742,join-order-benchmark/33a.sql,HASH_JOIN,12,False,1150703,7,6,7,6
743,join-order-benchmark/33a.sql,HASH_JOIN,13,False,445860,704843,445860,34,6
744,join-order-benchmark/33a.sql,HASH_JOIN,14,False,704826,17,1085,17,34
745,join-order-benchmark/33a.sql,HASH_JOIN,15,False,29997,674829,29997,25576,1085
746,join-order-benchmark/33a.sql,HASH_JOIN,16,False,674828,1,674828,1,25576
747,join-order-benchmark/33b.sql,HASH_JOIN,4,False,234997,3784412,234997,4,4
748,join-order-benchmark/33b.sql,HASH_JOIN,5,False,2607699,1176713,2607699,1,4
749,join-order-benchmark/33b.sql,HASH_JOIN,6,False,2340,1174373,2340,4,1
750,join-order-benchmark/33b.sql,HASH_JOIN,7,False,99876,1074497,99876,2,4
751,join-order-benchmark/33b.sql,HASH_JOIN,8,False,7,1074490,7,2,2
752,join-order-benchmark/33b.sql,HASH_JOIN,9,False,186174,888316,186174,2,2
753,join-order-benchmark/33b.sql,HASH_JOIN,10,False,1,888315,1,6,2
754,join-order-benchmark/33b.sql,HASH_JOIN,11,False,63900,824415,63900,2,6
755,join-order-benchmark/33b.sql,HASH_JOIN,12,False,17,824398,17,82,2
756,join-order-benchmark/33b.sql,HASH_JOIN,13,False,7,824391,7,105,82
757,join-order-benchmark/33b.sql,HASH_JOIN,14,False,824390,1,1322,1,105
758,join-order-benchmark/33b.sql,HASH_JOIN,15,False,674828,149562,674828,1053,1322
759,join-order-benchmark/33b.sql,HASH_JOIN,16,False,29997,119565,29997,119565,1053
760,join-order-benchmark/33c.sql,HASH_JOIN,4,False,234997,4952743,234997,114,114
761,join-order-benchmark/33c.sql,HASH_JOIN,5,False,2607699,2345044,2607699,46,114
762,join-order-benchmark/33c.sql,HASH_JOIN,6,False,234997,2110047,234997,51,46
763,join-order-benchmark/33c.sql,HASH_JOIN,7,False,99876,2010171,99876,19,51
764,join-order-benchmark/33c.sql,HASH_JOIN,8,False,7,2010164,7,19,19
765,join-order-benchmark/33c.sql,HASH_JOIN,9,False,186174,1823990,186174,19,19
766,join-order-benchmark/33c.sql,HASH_JOIN,10,False,1,1823989,1,57,19
767,join-order-benchmark/33c.sql,HASH_JOIN,11,False,63900,1760089,63900,21,57
768,join-order-benchmark/33c.sql,HASH_JOIN,12,False,1760082,7,29,7,21
769,join-order-benchmark/33c.sql,HASH_JOIN,13,False,1042800,717282,1042800,47,29
770,join-order-benchmark/33c.sql,HASH_JOIN,14,False,717265,17,1505,17,47
771,join-order-benchmark/33c.sql,HASH_JOIN,15,False,29997,687268,29997,36724,1505
772,join-order-benchmark/33c.sql,HASH_JOIN,16,False,687267,1,687267,1,36724
773,join-order-benchmark/3a.sql,HASH_JOIN,4,False,14835728,5671020,14835720,2235,206
774,join-order-benchmark/3a.sql,HASH_JOIN,9,False,14835720,8,14835720,8,14835720
775,join-order-benchmark/3a.sql,HASH_JOIN,5,False,5536850,134170,1253091,134170,2235
776,join-order-benchmark/3a.sql,HASH_JOIN,6,False,4523930,1012920,4523930,1012920,1253091
777,join-order-benchmark/3b.sql,HASH_JOIN,4,False,2287,5049766,2287,405,5
778,join-order-benchmark/3b.sql,HASH_JOIN,5,False,4915596,134170,299534,134170,405
779,join-order-benchmark/3b.sql,HASH_JOIN,6,False,4523930,391666,4523930,391666,299534
780,join-order-benchmark/3c.sql,HASH_JOIN,4,False,14835730,6407132,14835720,7874,7250
781,join-order-benchmark/3c.sql,HASH_JOIN,9,False,14835720,10,14835720,10,14835720
782,join-order-benchmark/3c.sql,HASH_JOIN,5,False,6272962,134170,2742670,134170,7874
783,join-order-benchmark/3c.sql,HASH_JOIN,6,False,4523930,1749032,4523930,1749032,2742670
784,join-order-benchmark/4a.sql,HASH_JOIN,4,False,134170,6054527,134170,697651,740
785,join-order-benchmark/4a.sql,HASH_JOIN,5,False,4523924,1530603,4523924,106021,697651
786,join-order-benchmark/4a.sql,HASH_JOIN,6,False,1012920,517683,1012920,352990,106021
787,join-order-benchmark/4a.sql,HASH_JOIN,7,False,517682,1,517682,1,352990
788,join-order-benchmark/4b.sql,HASH_JOIN,4,False,134170,4923913,134170,1070,6
789,join-order-benchmark/4b.sql,HASH_JOIN,5,False,4523924,399989,4523924,72,1070
790,join-order-benchmark/4b.sql,HASH_JOIN,6,False,391666,8323,391666,305,72
791,join-order-benchmark/4b.sql,HASH_JOIN,7,False,8322,1,8322,1,305
792,join-order-benchmark/4c.sql,HASH_JOIN,4,False,134170,7079322,134170,2012691,4700
793,join-order-benchmark/4c.sql,HASH_JOIN,5,False,4523924,2555398,4523924,294217,2012691
794,join-order-benchmark/4c.sql,HASH_JOIN,6,False,1749032,806366,1749032,448969,294217
795,join-order-benchmark/4c.sql,HASH_JOIN,7,False,806365,1,806365,1,448969
796,join-order-benchmark/5a.sql,HASH_JOIN,4,False,3694311,110,0,110,0
797,join-order-benchmark/5a.sql,HASH_JOIN,5,False,72261,3622050,72253,0,0
798,join-order-benchmark/5a.sql,HASH_JOIN,10,False,72253,8,72253,8,72253
799,join-order-benchmark/5a.sql,HASH_JOIN,6,False,3622049,1,3929,1,0
800,join-order-benchmark/5a.sql,HASH_JOIN,7,False,2609129,1012920,2609129,1012920,3929
801,join-order-benchmark/5b.sql,HASH_JOIN,4,False,14425996,110,0,110,0
802,join-order-benchmark/5b.sql,HASH_JOIN,5,False,11425200,3000796,11425200,0,0
803,join-order-benchmark/5b.sql,HASH_JOIN,6,False,3000795,1,0,1,0
804,join-order-benchmark/5b.sql,HASH_JOIN,7,False,2609129,391666,2609129,391666,0
805,join-order-benchmark/5c.sql,HASH_JOIN,4,False,19193892,110,669,110,669
806,join-order-benchmark/5c.sql,HASH_JOIN,5,False,14835730,4358162,14835720,767,669
807,join-order-benchmark/5c.sql,HASH_JOIN,10,False,14835720,10,14835720,10,14835720
808,join-order-benchmark/5c.sql,HASH_JOIN,6,False,4358161,1,105501,1,767
809,join-order-benchmark/5c.sql,HASH_JOIN,7,False,2609129,1749032,2609129,1749032,105501
810,join-order-benchmark/6a.sql,HASH_JOIN,4,False,4061926,41159924,4061926,1224,6
811,join-order-benchmark/6a.sql,HASH_JOIN,5,False,36244327,4915597,36244327,11,1224
812,join-order-benchmark/6a.sql,HASH_JOIN,6,False,391666,4523931,391666,14,11
813,join-order-benchmark/6a.sql,HASH_JOIN,7,False,4523930,1,4523930,1,14
814,join-order-benchmark/6b.sql,HASH_JOIN,4,False,40902873,4061926,383,4061926,12
815,join-order-benchmark/6b.sql,HASH_JOIN,5,False,36244327,4658546,36244327,36,383
816,join-order-benchmark/6b.sql,HASH_JOIN,6,False,4524368,134178,1054,134170,36
817,join-order-benchmark/6b.sql,HASH_JOIN,7,False,4523930,438,4523930,438,1054
818,join-order-benchmark/6b.sql,HASH_JOIN,8,False,134170,8,134170,8,134170
819,join-order-benchmark/6c.sql,HASH_JOIN,4,False,4061926,40768696,4061926,33,2
820,join-order-benchmark/6c.sql,HASH_JOIN,5,False,36244327,4524369,36244327,2,33
821,join-order-benchmark/6c.sql,HASH_JOIN,6,False,438,4523931,438,14,2
822,join-order-benchmark/6c.sql,HASH_JOIN,7,False,4523930,1,4523930,1,14
823,join-order-benchmark/6d.sql,HASH_JOIN,4,False,42283888,4061926,785477,4061926,88
824,join-order-benchmark/6d.sql,HASH_JOIN,5,False,36244327,6039561,36244327,14165,785477
825,join-order-benchmark/6d.sql,HASH_JOIN,6,False,5905383,134178,1970380,134170,14165
826,join-order-benchmark/6d.sql,HASH_JOIN,7,False,4523930,1381453,4523930,1381453,1970380
827,join-order-benchmark/6d.sql,HASH_JOIN,8,False,134170,8,134170,8,134170
828,join-order-benchmark/6e.sql,HASH_JOIN,4,False,4061926,42149711,4061926,1224,6
829,join-order-benchmark/6e.sql,HASH_JOIN,5,False,36244327,5905384,36244327,11,1224
830,join-order-benchmark/6e.sql,HASH_JOIN,6,False,1381453,4523931,1381453,14,11
831,join-order-benchmark/6e.sql,HASH_JOIN,7,False,4523930,1,4523930,1,14
832,join-order-benchmark/6f.sql,HASH_JOIN,4,False,4061926,42283888,4061926,785477,785477
833,join-order-benchmark/6f.sql,HASH_JOIN,5,False,36244327,6039561,36244327,14165,785477
834,join-order-benchmark/6f.sql,HASH_JOIN,6,False,5905383,134178,1970380,134170,14165
835,join-order-benchmark/6f.sql,HASH_JOIN,7,False,4523930,1381453,4523930,1381453,1970380
836,join-order-benchmark/6f.sql,HASH_JOIN,8,False,134170,8,134170,8,134170
837,join-order-benchmark/7a.sql,HASH_JOIN,4,False,340186,38279024,340186,151,32
838,join-order-benchmark/7a.sql,HASH_JOIN,5,False,1,38279023,1,510,151
839,join-order-benchmark/7a.sql,HASH_JOIN,6,False,29997,38249026,29997,3354,510
840,join-order-benchmark/7a.sql,HASH_JOIN,9,False,36244340,2004686,36244340,20,3354
841,join-order-benchmark/7a.sql,HASH_JOIN,12,False,901343,1103343,901343,17,20
842,join-order-benchmark/7a.sql,HASH_JOIN,15,False,1103278,65,1103278,64,17
843,join-order-benchmark/7a.sql,HASH_JOIN,16,False,64,1,64,1,64
844,join-order-benchmark/7b.sql,HASH_JOIN,4,False,76065,37267722,76065,46,16
845,join-order-benchmark/7b.sql,HASH_JOIN,5,False,1,37267721,1,176,46
846,join-order-benchmark/7b.sql,HASH_JOIN,6,False,29997,37237724,29997,353,176
847,join-order-benchmark/7b.sql,HASH_JOIN,9,False,36244340,993384,36244340,3,353
848,join-order-benchmark/7b.sql,HASH_JOIN,12,False,91976,901408,91976,98,3
849,join-order-benchmark/7b.sql,HASH_JOIN,13,False,901343,65,901343,64,98
850,join-order-benchmark/7b.sql,HASH_JOIN,14,False,64,1,64,1,64
851,join-order-benchmark/7c.sql,HASH_JOIN,4,False,17,42798220,17,77651,68185
852,join-order-benchmark/7c.sql,HASH_JOIN,5,False,1555597,41242623,1555597,127027,77651
853,join-order-benchmark/7c.sql,HASH_JOIN,6,False,29997,41212626,29997,1618304,127027
854,join-order-benchmark/7c.sql,HASH_JOIN,9,False,36244340,4968286,36244340,12595,1618304
855,join-order-benchmark/7c.sql,HASH_JOIN,12,False,901343,4066943,901343,13063,12595
856,join-order-benchmark/7c.sql,HASH_JOIN,15,False,1103278,2963665,1103278,84183,13063
857,join-order-benchmark/7c.sql,HASH_JOIN,16,False,2963664,1,2963664,1,84183
858,join-order-benchmark/8a.sql,HASH_JOIN,4,False,2525744,7543484,2525744,62,62
859,join-order-benchmark/8a.sql,HASH_JOIN,5,False,772581,6770903,772581,38,62
860,join-order-benchmark/8a.sql,HASH_JOIN,8,False,4061926,2708977,4061926,7438,38
861,join-order-benchmark/8a.sql,HASH_JOIN,9,False,6752,2702225,6752,7532,7438
862,join-order-benchmark/8a.sql,HASH_JOIN,10,False,2609129,93096,2609129,34848,7532
863,join-order-benchmark/8a.sql,HASH_JOIN,11,False,93095,1,93095,1,34848
864,join-order-benchmark/8b.sql,HASH_JOIN,4,False,772581,6998897,772581,4,6
865,join-order-benchmark/8b.sql,HASH_JOIN,7,False,4061926,2936971,4061926,25,4
866,join-order-benchmark/8b.sql,HASH_JOIN,8,False,6752,2930219,6752,25,25
867,join-order-benchmark/8b.sql,HASH_JOIN,9,False,2609129,321090,2609129,56,25
868,join-order-benchmark/8b.sql,HASH_JOIN,10,False,321089,1,226,1,56
869,join-order-benchmark/8b.sql,HASH_JOIN,11,False,227994,93095,227994,93095,226
870,join-order-benchmark/8c.sql,HASH_JOIN,4,False,4061923,42234901,4061923,2487611,2487611
871,join-order-benchmark/8c.sql,HASH_JOIN,5,False,772581,41462320,772581,1970658,2487611
872,join-order-benchmark/8c.sql,HASH_JOIN,6,False,41462319,1,32289229,1,1970658
873,join-order-benchmark/8c.sql,HASH_JOIN,9,False,36242603,5219716,36242603,1153798,32289229
874,join-order-benchmark/8c.sql,HASH_JOIN,10,False,2525744,2693972,2525744,1153798,1153798
875,join-order-benchmark/8c.sql,HASH_JOIN,11,False,2609129,84843,2609129,84843,1153798
876,join-order-benchmark/8d.sql,HASH_JOIN,4,False,4061923,42234901,4061923,323005,323005
877,join-order-benchmark/8d.sql,HASH_JOIN,5,False,772581,41462320,772581,285538,323005
878,join-order-benchmark/8d.sql,HASH_JOIN,6,False,41462319,1,32289229,1,285538
879,join-order-benchmark/8d.sql,HASH_JOIN,9,False,36242603,5219716,36242603,1153798,32289229
880,join-order-benchmark/8d.sql,HASH_JOIN,10,False,2525744,2693972,2525744,1153798,1153798
881,join-order-benchmark/8d.sql,HASH_JOIN,11,False,2609129,84843,2609129,84843,1153798
882,join-order-benchmark/9a.sql,HASH_JOIN,4,False,3140339,41778600,3140339,127,121
883,join-order-benchmark/9a.sql,HASH_JOIN,5,False,772581,41006019,772581,125,127
884,join-order-benchmark/9a.sql,HASH_JOIN,8,False,961555,40044464,961555,30619,125
885,join-order-benchmark/9a.sql,HASH_JOIN,9,False,40044463,1,104698,1,30619
886,join-order-benchmark/9a.sql,HASH_JOIN,10,False,36242603,3801860,36242603,144120,104698
887,join-order-benchmark/9a.sql,HASH_JOIN,11,False,1107888,2693972,1107888,542096,144120
888,join-order-benchmark/9a.sql,HASH_JOIN,12,False,2609129,84843,2609129,84843,542096
889,join-order-benchmark/9b.sql,HASH_JOIN,4,False,3140339,5654762,3140339,40,40
890,join-order-benchmark/9b.sql,HASH_JOIN,5,False,772581,4882181,772581,30,40
891,join-order-benchmark/9b.sql,HASH_JOIN,8,False,512825,4369356,512825,82,30
892,join-order-benchmark/9b.sql,HASH_JOIN,9,False,84843,4284513,84843,87,82
893,join-order-benchmark/9b.sql,HASH_JOIN,10,False,2609129,1675384,2609129,453,87
894,join-order-benchmark/9b.sql,HASH_JOIN,13,False,961555,713829,961555,222686,453
895,join-order-benchmark/9b.sql,HASH_JOIN,14,False,713828,1,713828,1,222686
896,join-order-benchmark/9c.sql,HASH_JOIN,4,False,3140339,43196456,3140339,8514,8144
897,join-order-benchmark/9c.sql,HASH_JOIN,5,False,2525744,40670712,2525744,8514,8514
898,join-order-benchmark/9c.sql,HASH_JOIN,6,False,772581,39898131,772581,4938,8514
899,join-order-benchmark/9c.sql,HASH_JOIN,9,False,961555,38936576,961555,189554,4938
900,join-order-benchmark/9c.sql,HASH_JOIN,10,False,38936575,1,671694,1,189554
901,join-order-benchmark/9c.sql,HASH_JOIN,11,False,36242603,2693972,36242603,1153798,671694
902,join-order-benchmark/9c.sql,HASH_JOIN,12,False,2609129,84843,2609129,84843,1153798
903,join-order-benchmark/9d.sql,HASH_JOIN,4,False,3140339,43196456,3140339,505134,483082
904,join-order-benchmark/9d.sql,HASH_JOIN,5,False,2525744,40670712,2525744,505134,505134
905,join-order-benchmark/9d.sql,HASH_JOIN,6,False,961555,39709157,961555,505250,505134
906,join-order-benchmark/9d.sql,HASH_JOIN,7,False,772581,38936576,772581,189554,505250
907,join-order-benchmark/9d.sql,HASH_JOIN,8,False,38936575,1,671694,1,189554
908,join-order-benchmark/9d.sql,HASH_JOIN,11,False,36242603,2693972,36242603,1153798,671694
909,join-order-benchmark/9d.sql,HASH_JOIN,12,False,2609129,84843,2609129,84843,1153798
